init_type,sel_type,cross_type,mut_type,term_type,fitness_func,avg_fit_score,std_fit_score,max_fit_score,min_fit_score,avg_gens
gaussian,rws,2_parent_average,gaussian,generations,spherical,0.0005608020692504635,0.0013251615401641242,0.00809521149270342,1.3291518060315028e-08,30.0
gaussian,tournament,centroid,gaussian,generations,spherical,0.000719316598011798,0.0013095887044482137,0.00888390628197346,9.73317421888946e-08,30.0
gaussian,tournament,2_parent_average,gaussian,generations,spherical,0.0007225714884590939,0.0012927683788591944,0.005457020871646478,2.370389343163752e-08,30.0
uniform,rws,2_parent_average,gaussian,generations,spherical,0.0007641766579379026,0.001371746336833078,0.007708742535602702,3.4338356997578516e-08,30.0
gaussian,rws,centroid,gaussian,generations,spherical,0.0007905189816738041,0.00197338047060386,0.018435837223392672,5.026357966770207e-07,30.0
uniform,rws,2_parent_average,uniform,generations,spherical,0.0013331166085001566,0.0030490793188278687,0.025228869720031365,9.505484657163583e-08,30.0
gaussian,rws,2_parent_average,uniform,generations,spherical,0.0015317386391160447,0.0027177322290266826,0.01737537257413586,6.566073325837637e-10,30.0
gaussian,rws,centroid,uniform,generations,spherical,0.0016248714049468085,0.002867344297777445,0.017321868367174923,2.591418418983045e-08,30.0
uniform,tournament,centroid,gaussian,generations,spherical,0.0017075749686657079,0.0037033801371218603,0.025236182804996884,1.9523794014374987e-08,30.0
uniform,rws,centroid,gaussian,generations,spherical,0.0017100158669833675,0.004780926864137905,0.04139438574991828,3.1246960657524823e-07,30.0
uniform,tournament,centroid,uniform,generations,spherical,0.001789429950469024,0.0030488448044885073,0.021379071302247574,5.4026288900325196e-09,30.0
uniform,tournament,2_parent_average,gaussian,generations,spherical,0.0018048770613593196,0.005690899823842193,0.05304528568421673,4.1426316151717004e-09,30.0
gaussian,tournament,centroid,uniform,generations,spherical,0.001973539150081403,0.003650223776117175,0.0222241259603804,2.32581140189826e-08,30.0
gaussian,tournament,binary_mask,gaussian,generations,spherical,0.0021293015792885803,0.0029713540201388115,0.021980500258001273,5.976777607381906e-06,30.0
gaussian,tournament,two_point,gaussian,generations,spherical,0.0022858936542598978,0.0035578316723284538,0.025391702314933887,2.695095233956496e-07,30.0
gaussian,tournament,2_parent_average,uniform,generations,spherical,0.002377908008423483,0.004329213210981842,0.02415544433126981,6.583209506892831e-07,30.0
uniform,tournament,2_parent_average,uniform,generations,spherical,0.002437487798814776,0.004690313778770619,0.025353044212728507,2.468046206362532e-07,30.0
gaussian,tournament,2_parent_average,gaussian,convergence,spherical,0.0024566110218042013,0.004803880857891372,0.029845223963249876,4.944960325495936e-07,17.0
uniform,rws,centroid,uniform,generations,spherical,0.0026823353748444655,0.004719471813322578,0.033591317998570305,8.90219272908212e-09,30.0
gaussian,rws,two_point,gaussian,generations,spherical,0.0027374528067919696,0.0037835645741006924,0.017710429954052916,2.1514445114761497e-05,30.0
gaussian,tournament,centroid,gaussian,convergence,spherical,0.0027623447931755746,0.005784207985062585,0.047970694858498586,3.3144322021778497e-07,17.0
gaussian,rws,2_parent_average,gaussian,convergence,spherical,0.002956584340921722,0.005947667798807638,0.03335372014488319,4.612065181280789e-07,17.05
gaussian,rws,binary_mask,gaussian,generations,spherical,0.0030898827975167427,0.003713848681672278,0.019758617498038367,2.0109695165073536e-05,30.0
uniform,tournament,two_point,gaussian,generations,spherical,0.003096664862603906,0.004450545506408368,0.020366246757856997,7.921497388801976e-06,30.0
uniform,tournament,binary_mask,gaussian,generations,spherical,0.0039025455203218935,0.004697668093135336,0.025653205982528092,1.1182355108204725e-05,30.0
gaussian,rws,centroid,gaussian,convergence,spherical,0.00407462057519438,0.007504351448655453,0.04741595429136494,3.771835320630707e-07,17.0
uniform,rws,binary_mask,gaussian,generations,spherical,0.004534627645527035,0.006287199635483295,0.033788048963806605,7.588380178124949e-06,30.0
uniform,tournament,2_parent_average,gaussian,convergence,spherical,0.0046854169047923985,0.009471346404387737,0.06409816636510146,2.283636887312729e-07,17.15
gaussian,tournament,binary_mask,uniform,generations,spherical,0.004712751409601196,0.008063697849234105,0.05636544197110631,2.058258739141252e-05,30.0
gaussian,rws,2_parent_average,uniform,convergence,spherical,0.004861897024372341,0.009873851594025172,0.05759852877204792,1.8255890335425245e-07,17.0
uniform,rws,two_point,gaussian,generations,spherical,0.005098074895770655,0.006256784854843615,0.03877810276676019,3.131383301378752e-05,30.0
gaussian,tournament,two_point,uniform,generations,spherical,0.005283732350165486,0.009323699439788856,0.08249322397874653,4.112114249645439e-06,30.0
gaussian,tournament,centroid,uniform,convergence,spherical,0.005432742296438531,0.010766942840723258,0.08142754634190638,2.54552623335349e-08,17.0
gaussian,tournament,2_parent_average,uniform,convergence,spherical,0.005915358931597704,0.011419648186187816,0.05871094540725853,6.665550257939922e-07,17.0
gaussian,rws,centroid,uniform,convergence,spherical,0.006159681673379893,0.010377246115276965,0.07219187569357753,2.8557994347706785e-06,17.0
gaussian,rws,two_point,uniform,generations,spherical,0.006226787442853635,0.00827272365464982,0.044740191617407346,8.294255656006213e-06,30.0
uniform,rws,2_parent_average,gaussian,convergence,spherical,0.00636615131053663,0.011191088347706575,0.07002097796726937,3.4026885008892043e-07,17.22
uniform,tournament,binary_mask,uniform,generations,spherical,0.006430798421106882,0.009660312971789,0.06796601861120258,1.704220603531943e-05,30.0
uniform,tournament,centroid,gaussian,convergence,spherical,0.006495410228877915,0.01209258796346256,0.07495979534778029,1.1176118609452682e-06,17.2
uniform,tournament,2_parent_average,uniform,convergence,spherical,0.006508986859672658,0.014418067043909383,0.11674007331776956,5.912102773712096e-09,17.03
uniform,tournament,two_point,uniform,generations,spherical,0.006939913589597626,0.007571931906158704,0.03280240398139718,9.382574926156964e-06,30.0
gaussian,tournament,binary_mask,gaussian,convergence,spherical,0.008162905725601273,0.0094147244048259,0.0436418815358375,1.4904071809935817e-05,17.0
uniform,rws,binary_mask,uniform,generations,spherical,0.008630206802495023,0.011602755685265781,0.06966155658388276,1.549363107922887e-06,30.0
uniform,rws,centroid,gaussian,convergence,spherical,0.008650764154691975,0.0220842713708694,0.15959564422655503,2.191729092080124e-07,17.42
uniform,rws,two_point,uniform,generations,spherical,0.008933352691947751,0.015031983170499358,0.08793983024817004,2.191843095693951e-05,30.0
gaussian,rws,binary_mask,uniform,generations,spherical,0.00905137945058003,0.023142593818918266,0.22120034508063652,2.9694136609926e-06,30.0
gaussian,rws,two_point,gaussian,convergence,spherical,0.009322939299341738,0.01189242484181718,0.058288311564737495,1.961737644205524e-05,17.03
uniform,rws,2_parent_average,uniform,convergence,spherical,0.01024913215874689,0.03280133141322516,0.26566980460625306,5.194395091926985e-06,17.26
uniform,tournament,two_point,gaussian,convergence,spherical,0.010548375798550683,0.011671635483782626,0.06026343915929209,2.183830792242805e-05,17.96
uniform,tournament,centroid,uniform,convergence,spherical,0.010880402923453264,0.01808548828899213,0.13060531508165424,2.3229527106754363e-07,17.15
uniform,rws,centroid,uniform,convergence,spherical,0.011333092686262695,0.023993739741639826,0.14382705036710175,1.496061267659107e-06,17.29
gaussian,rws,binary_mask,gaussian,convergence,spherical,0.012344971044499376,0.016117843879500476,0.09453552426542153,5.265045753181132e-05,17.03
gaussian,tournament,two_point,gaussian,convergence,spherical,0.012552553414674485,0.017161624496441426,0.09221853362583333,2.1595199774218306e-05,17.01
gaussian,tournament,binary_mask,uniform,convergence,spherical,0.013552791559870039,0.017065874999610323,0.08700811577625805,5.307070015883689e-05,17.0
uniform,tournament,binary_mask,gaussian,convergence,spherical,0.01486679385572173,0.018503121551174978,0.11423685068465979,7.654907402293224e-05,17.84
gaussian,tournament,two_point,uniform,convergence,spherical,0.015368773344866986,0.016899528150558084,0.09391237277123556,3.110689521613421e-05,17.0
uniform,rws,binary_mask,gaussian,convergence,spherical,0.018568058477862706,0.03349118151964992,0.26454952593535175,2.7483081756651285e-05,18.12
uniform,tournament,binary_mask,uniform,convergence,spherical,0.019007561109276837,0.02135723213867422,0.111319721734106,0.00011106301382264088,17.79
gaussian,rws,two_point,uniform,convergence,spherical,0.01995595838347613,0.02224544312917577,0.10593093913450942,6.151804076756843e-05,17.03
uniform,rws,two_point,gaussian,convergence,spherical,0.02008402516067632,0.025694165476489426,0.1622839982276101,0.0001442879142343706,18.21
uniform,tournament,two_point,uniform,convergence,spherical,0.021397892861007656,0.031159974864508427,0.17597147844943803,3.956953501716227e-05,17.75
gaussian,rws,binary_mask,uniform,convergence,spherical,0.021498136134985732,0.026636909878999904,0.13594151432535814,0.00024441104800246907,17.03
gaussian,tournament,2_parent_average,gaussian,generations,booth,0.022154903743353382,0.04941748792406565,0.40844777786438685,6.1949006126184855e-06,30.0
uniform,rws,two_point,uniform,convergence,spherical,0.02542685869452972,0.032077743918934504,0.1751787917116815,1.755105235409388e-05,17.79
gaussian,rws,2_parent_average,uniform,generations,booth,0.025531304799910736,0.05666162545865442,0.36744393533366243,5.793123852294532e-06,30.0
uniform,rws,binary_mask,uniform,convergence,spherical,0.030659476722212323,0.046497141405164755,0.35177230945358057,0.00012338998879016694,18.13
gaussian,rws,2_parent_average,gaussian,convergence,booth,0.030770086369375463,0.05880322474446285,0.3648471031945701,4.7397262961923705e-07,18.21
gaussian,rws,2_parent_average,uniform,convergence,booth,0.031160811040514904,0.0572310408142406,0.301669742931393,1.1669594712678177e-06,17.3
gaussian,tournament,centroid,swap,convergence,spherical,0.032531286971209813,0.09532710620490552,0.671341416096688,2.1204544677824527e-11,21.85
gaussian,tournament,centroid,gaussian,generations,booth,0.03384844488604998,0.08246599623093202,0.546995552996965,7.810464943113582e-06,30.0
gaussian,rws,centroid,swap,convergence,spherical,0.0353729814297099,0.12587044385555046,0.9256119262150793,2.1492636499890612e-10,26.7
gaussian,rws,centroid,swap,generations,spherical,0.036503203226754266,0.08415261172799818,0.44149897280869677,3.1050674136089252e-12,30.0
uniform,rws,2_parent_average,uniform,generations,booth,0.03746521443058972,0.10090688198157645,0.8980206365208186,1.2002184118024201e-07,30.0
gaussian,rws,2_parent_average,swap,generations,spherical,0.043867405614888104,0.13858706070872756,1.1444518990390855,1.765846122050685e-12,30.0
gaussian,rws,binary_mask,gaussian,generations,booth,0.04408593307204501,0.05573501188966096,0.2605685792200697,0.00044760202722020684,30.0
gaussian,rws,two_point,gaussian,generations,booth,0.04412116737226915,0.05484881021685107,0.28176933407521204,6.806281033735586e-05,30.0
gaussian,tournament,2_parent_average,swap,convergence,spherical,0.045510429170028906,0.1154339039798181,0.7277949084940825,2.3028965004601167e-10,26.7
uniform,tournament,2_parent_average,gaussian,generations,booth,0.04587052752325325,0.09581516614836304,0.5352917666153941,2.2007277782438768e-07,30.0
gaussian,tournament,binary_mask,gaussian,generations,booth,0.04630399431063168,0.05693684584432822,0.2934133753429056,2.297369870138051e-05,30.0
uniform,rws,2_parent_average,gaussian,generations,himmelblau,0.047074345741316505,0.07318615357134366,0.49888279187367324,2.1073594808376808e-06,30.0
gaussian,rws,2_parent_average,gaussian,generations,booth,0.04726291020933372,0.12270099944697757,0.7485804416122169,7.332020712140045e-08,30.0
gaussian,rws,centroid,gaussian,generations,booth,0.05074932856810336,0.1358409076732215,1.0454483670798942,9.820456434044578e-07,30.0
gaussian,tournament,centroid,gaussian,convergence,booth,0.0529329690643118,0.09005845380131106,0.43788917765111735,1.7401388309989107e-06,17.87
uniform,rws,2_parent_average,gaussian,convergence,booth,0.053489209708860334,0.08956326826161762,0.4584952280486459,9.847778071841432e-07,19.61
gaussian,rws,centroid,uniform,convergence,booth,0.05396334716632592,0.08312366859199477,0.3818107029456331,3.804699534536818e-09,18.16
uniform,tournament,2_parent_average,uniform,convergence,booth,0.05399523584750005,0.09503396427853536,0.5916894333997176,1.5420937427775468e-06,18.49
uniform,tournament,2_parent_average,uniform,generations,booth,0.05458922948927045,0.18643801279367342,1.692264558669931,1.0466624746901303e-08,30.0
gaussian,tournament,2_parent_average,uniform,generations,booth,0.05586182063033748,0.10182271619180829,0.7212254357143132,2.947584613383674e-09,30.0
gaussian,rws,centroid,uniform,generations,booth,0.05671735861511791,0.11151220208886255,0.7535840318834268,4.443504875471635e-06,30.0
uniform,tournament,centroid,gaussian,convergence,booth,0.05764492832693732,0.09713093967150908,0.5564178308325421,3.78834193126826e-09,19.6
uniform,tournament,2_parent_average,gaussian,generations,himmelblau,0.058340812699663284,0.10103749969558197,0.47212367783512577,1.9320413879424726e-06,30.0
gaussian,tournament,2_parent_average,uniform,convergence,booth,0.06226970317887039,0.09041203565555987,0.5128449815193409,3.054791827141655e-06,17.76
gaussian,rws,2_parent_average,gaussian,convergence,himmelblau,0.06327508589977926,0.08224515520310821,0.3609611714369343,2.9456942450007603e-05,24.92
uniform,rws,centroid,gaussian,convergence,booth,0.06635483568245171,0.11324047971111675,0.4956724624337906,1.2011264877373233e-05,20.49
gaussian,tournament,2_parent_average,gaussian,convergence,booth,0.06790941113893706,0.11376012755141665,0.5176512136104553,6.844556747242442e-07,18.3
uniform,rws,centroid,uniform,convergence,booth,0.0680340180396456,0.10693557860704582,0.5052391645891925,3.003179267404131e-06,19.32
gaussian,rws,centroid,gaussian,convergence,booth,0.06811490705051018,0.10444398140064715,0.5851628457722642,3.7206839446191807e-06,18.29
gaussian,tournament,centroid,uniform,convergence,booth,0.0691401235813681,0.10050407488865674,0.40696997572138616,8.363905889270959e-07,18.42
uniform,tournament,centroid,uniform,generations,booth,0.07036450505134684,0.11704177632245677,0.5687811366694175,2.628077257982908e-06,30.0
gaussian,tournament,two_point,gaussian,generations,booth,0.07037674965197335,0.11063544761835316,0.6925172263378594,0.0003336920486874694,30.0
gaussian,tournament,centroid,swap,generations,spherical,0.07130992307040877,0.23906745640340663,1.685990373429894,9.409767939243662e-14,30.0
uniform,rws,2_parent_average,uniform,generations,himmelblau,0.07132592118305117,0.1939791367592169,1.7616793654314764,3.2662368745010995e-07,30.0
gaussian,rws,2_parent_average,swap,convergence,spherical,0.07190066576934394,0.23717401799328333,1.8102811295619738,2.4192851561020625e-08,31.55
gaussian,rws,two_point,uniform,generations,booth,0.07340171457126145,0.09147957112914133,0.5036837229411294,0.0014507555902956955,30.0
gaussian,tournament,2_parent_average,gaussian,generations,himmelblau,0.07367759744153438,0.12838444362756204,0.7095492501796309,4.3591974494045345e-06,30.0
gaussian,rws,2_parent_average,gaussian,generations,himmelblau,0.07461625008308168,0.10763552274273666,0.5553829011039112,3.300352546185192e-05,30.0
uniform,tournament,2_parent_average,gaussian,convergence,himmelblau,0.0753976240882937,0.0975571423529222,0.37672407739666536,3.430659189374121e-06,20.4
uniform,tournament,2_parent_average,gaussian,convergence,booth,0.07587485194948707,0.10712270805774247,0.483209451082292,4.5433507795139573e-07,19.35
gaussian,rws,binary_mask,uniform,generations,booth,0.07764043526564632,0.12114614180002606,0.7936512413557715,0.00010911672780861821,30.0
uniform,tournament,centroid,uniform,convergence,booth,0.07770921255455893,0.1181578395191211,0.49155030611837197,2.1891837351880677e-06,19.2
uniform,rws,centroid,gaussian,generations,booth,0.07813569665255649,0.2656565371558932,2.2173937809846365,3.946523612918883e-06,30.0
uniform,tournament,2_parent_average,uniform,generations,himmelblau,0.07935010753244517,0.16173774840184726,0.944082291860942,7.68598634919852e-06,30.0
gaussian,tournament,binary_mask,uniform,generations,booth,0.07956940983210306,0.09342061896300265,0.5159446787581182,0.0008732025369682049,30.0
gaussian,tournament,centroid,gaussian,convergence,himmelblau,0.08105918217053201,0.1071815911525696,0.48540059607329916,9.89105699865919e-06,23.66
uniform,rws,2_parent_average,gaussian,convergence,himmelblau,0.0812502659412218,0.12017978636890496,0.5050424289744109,5.093218115012689e-06,20.84
gaussian,tournament,2_parent_average,gaussian,convergence,himmelblau,0.08173921952523573,0.11558996166872378,0.5147355354741621,4.639371066687432e-06,22.86
gaussian,rws,centroid,gaussian,convergence,himmelblau,0.08198288208395756,0.11133382616820389,0.5091715225836788,9.986613118307367e-07,25.91
gaussian,tournament,2_parent_average,swap,generations,spherical,0.08227048797093621,0.23754280874414355,1.4063646427896745,7.356571445058683e-10,30.0
gaussian,tournament,centroid,gaussian,generations,himmelblau,0.0831571906737581,0.205194913219576,1.792772420977538,1.8953790253981766e-05,30.0
gaussian,rws,2_parent_average,uniform,convergence,himmelblau,0.08347816675920744,0.1068613235003637,0.5118185335486248,3.947367997063319e-05,25.74
uniform,rws,2_parent_average,uniform,convergence,booth,0.084757973287415,0.1282710229841876,0.5537719364408269,1.9901702494991586e-06,19.59
gaussian,tournament,centroid,uniform,generations,booth,0.08537896684959659,0.15175025430056888,0.8188352961048593,3.088373597162609e-05,30.0
gaussian,rws,two_point,gaussian,convergence,booth,0.08640066723910796,0.10998695093648328,0.475369620089619,6.45669783934928e-05,18.9
uniform,tournament,two_point,gaussian,generations,himmelblau,0.08671469341821997,0.13747402286159338,0.78105671547012,0.0005840480984446557,30.0
uniform,rws,centroid,gaussian,convergence,himmelblau,0.0870422149558902,0.11618671593080945,0.5684499788481535,5.1323463102438155e-06,22.74
uniform,tournament,binary_mask,gaussian,generations,himmelblau,0.08715185925240897,0.10182320988765306,0.4465708770192286,0.0003936569221932116,30.0
uniform,rws,two_point,gaussian,convergence,booth,0.08785765034446018,0.11401323741089694,0.5737569458497084,0.00026307566487076005,23.96
uniform,rws,centroid,uniform,generations,himmelblau,0.08934289402715652,0.19798890209176848,1.598622173120113,2.759930066717564e-05,30.0
uniform,rws,centroid,uniform,generations,booth,0.09108496472239015,0.24855452388327046,1.822391243336305,5.086430882948948e-06,30.0
uniform,tournament,centroid,gaussian,generations,himmelblau,0.09210694520421857,0.17252702734729786,0.8366609581945657,1.1855550028034343e-07,30.0
uniform,tournament,centroid,gaussian,generations,booth,0.09262122914400876,0.17348663599528832,0.8389542919696295,3.776640544764754e-09,30.0
gaussian,tournament,binary_mask,gaussian,convergence,booth,0.09319566448367957,0.10416847958954085,0.3922655390068073,7.325238284803684e-05,19.36
uniform,rws,two_point,gaussian,generations,himmelblau,0.09340518374281898,0.12844314932824633,0.7574018739085577,0.0006156586978793059,30.0
uniform,tournament,2_parent_average,uniform,convergence,himmelblau,0.09463756568635294,0.11998245799562846,0.5093108480075932,0.0004928913954089292,22.12
gaussian,rws,centroid,uniform,convergence,himmelblau,0.094864661841161,0.11855461688884766,0.5088077312516923,0.00015409584548448273,26.27
gaussian,tournament,two_point,gaussian,convergence,booth,0.09772819624929888,0.11271186078742491,0.5063628107658714,8.674923693279929e-05,19.08
uniform,tournament,centroid,gaussian,convergence,himmelblau,0.10086400130470492,0.11503314211017465,0.5499254413549252,1.639526976263422e-05,20.38
uniform,rws,centroid,uniform,convergence,himmelblau,0.10122514861946119,0.11778991299498758,0.5088807725192228,2.7725718522096156e-06,22.72
gaussian,tournament,binary_mask,gaussian,generations,himmelblau,0.10137872341372535,0.1394803514510919,0.676729243779545,0.00027073872128193454,30.0
gaussian,rws,binary_mask,gaussian,convergence,booth,0.10207834473179668,0.11707464795515503,0.4913872196261205,0.00027438326121162227,19.55
uniform,rws,binary_mask,gaussian,convergence,booth,0.10427478359440145,0.1002038670525167,0.46114632784011816,0.0002695460398739265,25.59
uniform,rws,two_point,uniform,generations,booth,0.10943848061327759,0.18893091885308058,1.5865517716175364,8.95547611823477e-06,30.0
gaussian,tournament,2_parent_average,uniform,generations,himmelblau,0.11000730060013784,0.18129721449622307,0.9446797355330556,3.698273257531758e-05,30.0
gaussian,tournament,2_parent_average,uniform,convergence,himmelblau,0.11056976117846445,0.1333302091651769,0.5666396374489937,5.4661808927829056e-05,22.2
gaussian,rws,2_parent_average,uniform,generations,himmelblau,0.11138933407457065,0.22559843520760223,1.287677462376073,1.5528089044238774e-05,30.0
uniform,rws,binary_mask,gaussian,generations,himmelblau,0.11343632884065094,0.14899686420941693,0.807406148996274,0.0001278503999170889,30.0
uniform,tournament,binary_mask,gaussian,convergence,booth,0.11347186108235212,0.11443418123797613,0.5470988005971293,0.00018075379836953115,25.43
uniform,tournament,centroid,uniform,convergence,himmelblau,0.11411006249431083,0.12430162887282359,0.5615452495851638,1.0030852296615317e-05,21.87
uniform,tournament,two_point,gaussian,generations,booth,0.11542169651178202,0.20873174640663475,1.3390222327934467,0.00023082588229184322,30.0
gaussian,rws,binary_mask,gaussian,convergence,himmelblau,0.11562099489239114,0.11667071418543327,0.5644026755873636,0.00023561605019687646,23.72
uniform,tournament,binary_mask,gaussian,generations,booth,0.11703711146117446,0.270177564200071,2.19224139200626,0.0007088400518153688,30.0
uniform,tournament,two_point,gaussian,convergence,booth,0.11734089588066723,0.1298201278792458,0.4950078410929053,0.00012419763180534192,22.81
uniform,tournament,binary_mask,gaussian,convergence,himmelblau,0.11840354659023572,0.09625347210639632,0.5464372682978842,0.0003788973972186188,21.25
gaussian,rws,binary_mask,uniform,convergence,booth,0.11857441472605246,0.12531618031069242,0.5141351028228918,7.943098700175714e-07,19.29
gaussian,tournament,binary_mask,gaussian,convergence,himmelblau,0.11877776814476397,0.1266915485456512,0.5037410159153732,4.733488629514868e-05,21.82
gaussian,tournament,two_point,uniform,generations,booth,0.11884681697376007,0.16389112490279342,0.6991431238741237,0.00048314009500665295,30.0
uniform,rws,two_point,gaussian,convergence,himmelblau,0.12036726304472968,0.11436761102607207,0.4635955344430192,0.00267501505083034,22.22
gaussian,tournament,two_point,gaussian,generations,himmelblau,0.1218293456371589,0.1728172901927984,1.0136625347038595,0.00020639217748909163,30.0
gaussian,tournament,centroid,uniform,convergence,himmelblau,0.12196128518140954,0.15405750566838095,0.5572509224495326,5.248890487797111e-05,24.46
gaussian,rws,binary_mask,gaussian,generations,himmelblau,0.1226605416626081,0.22097649590052973,1.3057153284244953,2.012100076922181e-05,30.0
gaussian,rws,two_point,gaussian,convergence,himmelblau,0.12286491407156301,0.11657746219602928,0.5568378396669604,0.0008606677483900973,22.89
uniform,rws,2_parent_average,uniform,convergence,himmelblau,0.12306419259711879,0.12924095622528262,0.5710845563472117,6.434057314827763e-05,22.3
gaussian,rws,two_point,swap,generations,spherical,0.12375622048008687,0.2376950572396042,1.6471744672830484,6.441002132110686e-05,30.0
gaussian,tournament,two_point,gaussian,convergence,himmelblau,0.12393737430579842,0.11300019159166245,0.44454793284422456,0.00016608945096675958,21.41
gaussian,tournament,binary_mask,uniform,convergence,booth,0.1250555692753853,0.12480961864092945,0.519250855705556,0.0005709500137163455,20.09
uniform,rws,binary_mask,uniform,convergence,booth,0.12509860744958012,0.12731072775721727,0.5465458296878672,0.0004677542561259388,23.87
gaussian,tournament,two_point,uniform,convergence,booth,0.1282930741249032,0.12783280126734825,0.5192619237853373,0.00020786431086516509,19.11
uniform,tournament,two_point,uniform,convergence,booth,0.1298342259376101,0.12132590230404158,0.49258479208979644,0.001237091501695787,22.08
uniform,tournament,two_point,gaussian,convergence,himmelblau,0.13479349444318103,0.11736258918681701,0.5118204887205097,0.00010212703896617472,21.09
gaussian,rws,two_point,uniform,convergence,booth,0.13554880132367417,0.13346618468789845,0.548345956456651,0.0005253331436498176,19.42
uniform,rws,two_point,uniform,convergence,booth,0.1358904204649014,0.12775818151233898,0.5514823937590221,0.0027907672518650475,23.55
uniform,tournament,centroid,uniform,generations,himmelblau,0.13797321954277866,0.2247160010583412,1.2058969153220465,0.00010036083885748142,30.0
gaussian,rws,two_point,gaussian,generations,himmelblau,0.1429677977332825,0.1848594521259188,0.9699735153425221,0.00020276076687432117,30.0
gaussian,rws,two_point,swap,convergence,spherical,0.14329051024831946,0.2532103287282965,1.2848631133958786,3.8152728142911263e-08,41.41
uniform,rws,centroid,uniform,convergence,rastrigin,0.14331789969713765,0.14220705163782407,0.5905191942726695,0.0010156790006021765,43.27
uniform,tournament,two_point,uniform,generations,booth,0.1472388139605122,0.265554204955152,1.9674422610615152,0.00040132959694885153,30.0
uniform,rws,2_parent_average,swap,convergence,spherical,0.14809719685201833,0.4261380838178404,2.7463248767269275,1.3518607996407033e-09,46.22
uniform,rws,2_parent_average,gaussian,convergence,rastrigin,0.1482425718951299,0.15275466856533634,0.5967890777681006,0.0004382232346671344,39.41
uniform,rws,binary_mask,gaussian,convergence,himmelblau,0.1495762710753023,0.13250684974480662,0.5539916484786035,0.0010840201117268175,21.05
gaussian,tournament,binary_mask,swap,generations,spherical,0.15241599567470285,0.27609791061012334,2.1552814347414686,3.571436341001798e-06,30.0
gaussian,rws,centroid,uniform,convergence,rastrigin,0.15417761014223794,0.145881417941215,0.5617549571593159,8.179290972520903e-06,38.07
uniform,tournament,two_point,uniform,convergence,himmelblau,0.1550760346465336,0.1422252657272774,0.49470735894264806,0.0024183056679299335,24.26
gaussian,rws,centroid,gaussian,convergence,rastrigin,0.15631854890373778,0.14931549436067804,0.5612287851737392,5.4328512504753235e-05,40.78
uniform,rws,centroid,gaussian,convergence,rastrigin,0.15668655563354084,0.13983660191666208,0.5405386830286432,0.00010895966356017084,47.17
uniform,tournament,2_parent_average,gaussian,convergence,rastrigin,0.1579594324610172,0.14864152250456864,0.5534566066175373,3.9113781085120536e-05,38.57
uniform,rws,centroid,swap,generations,spherical,0.15802909712248925,0.42324554466562586,3.5259717380434594,1.307850471562157e-14,30.0
gaussian,rws,binary_mask,swap,convergence,spherical,0.15821307298168824,0.2251690928253428,1.4584700439040654,4.5930192860579754e-07,41.32
gaussian,tournament,centroid,gaussian,convergence,rastrigin,0.15889335678516325,0.15168923102811235,0.5876246488417749,6.241263299955335e-06,37.72
uniform,tournament,2_parent_average,swap,generations,spherical,0.16003278435272464,0.5815157086655098,5.261462240569971,3.415143926799992e-11,30.0
uniform,rws,2_parent_average,uniform,convergence,rastrigin,0.16233210699098752,0.1581733578935565,0.5903112342763635,0.00010979860000759345,38.58
uniform,tournament,binary_mask,uniform,convergence,booth,0.1628511199137052,0.1474038322115308,0.5629145632506639,0.0009419568501977827,24.25
gaussian,rws,centroid,gaussian,generations,himmelblau,0.16326328551454342,0.31923078085330475,1.801655627866749,2.3941453479242903e-05,30.0
gaussian,rws,2_parent_average,gaussian,convergence,rastrigin,0.16420283497949392,0.16027915844021165,0.5435926675557781,2.752061669042405e-05,32.53
gaussian,tournament,2_parent_average,uniform,convergence,rastrigin,0.16471635930985096,0.1660019185654203,0.562184282781029,1.2092655616413595e-05,34.05
uniform,tournament,binary_mask,uniform,generations,booth,0.1648069917055763,0.22220286237006037,1.2622195093728714,0.00041139380037473667,30.0
gaussian,rws,binary_mask,swap,generations,spherical,0.16500023334253985,0.2686140952874469,1.5220874403426214,1.6000257776229428e-05,30.0
gaussian,rws,centroid,uniform,generations,himmelblau,0.16553013542130673,0.3552233216928529,3.0277443272752302,1.028034688709149e-06,30.0
uniform,tournament,2_parent_average,uniform,convergence,rastrigin,0.16595255098683623,0.16072627354284016,0.592501353607112,0.00019723515580949424,35.98
gaussian,tournament,centroid,uniform,generations,himmelblau,0.16722274426529254,0.36921803395976854,2.4798811517126267,1.55410108714535e-06,30.0
uniform,rws,two_point,uniform,convergence,himmelblau,0.16858834851934495,0.14709116060558458,0.5578813163443034,0.0016581740811639724,25.1
gaussian,tournament,two_point,gaussian,convergence,rastrigin,0.17009883158798478,0.14252401085418237,0.5977450142840404,0.004112142455653611,35.12
gaussian,tournament,two_point,uniform,convergence,himmelblau,0.17055161132156038,0.15165293253778045,0.5532981349503371,9.621885484771179e-05,24.06
uniform,rws,centroid,gaussian,generations,himmelblau,0.17104031520086133,1.0582983883970305,10.632208778509163,1.5721620645588126e-07,30.0
uniform,tournament,centroid,uniform,convergence,rastrigin,0.17401466369043359,0.15448630335125654,0.5807527098093601,3.6263401518965566e-05,41.25
gaussian,tournament,2_parent_average,gaussian,convergence,rastrigin,0.17414150283677368,0.1565735069960038,0.5706067188710158,0.0009469247838538308,30.04
uniform,rws,binary_mask,uniform,generations,booth,0.17506718766089135,0.6400796744448389,6.359057274326732,7.093630791022511e-06,30.0
uniform,tournament,binary_mask,uniform,convergence,himmelblau,0.17527230992699677,0.14096159569292144,0.5734072038024368,0.0007025137586258376,25.8
gaussian,rws,2_parent_average,uniform,convergence,rastrigin,0.1759231824013189,0.15672563517028534,0.5949977855462265,4.184959284003753e-05,34.45
uniform,rws,binary_mask,uniform,convergence,himmelblau,0.1759806953663412,0.15532037278203673,0.5887109127673645,0.0001634014071733369,23.94
gaussian,tournament,centroid,uniform,convergence,rastrigin,0.17628342846950545,0.16175583302650684,0.5971193107621744,0.00033849197294699707,36.64
gaussian,rws,two_point,uniform,convergence,himmelblau,0.1763727984074251,0.1405916682903429,0.5892958139569395,0.0008963432427225368,25.5
gaussian,rws,binary_mask,uniform,convergence,himmelblau,0.17790210879778445,0.15714608697341986,0.5571075959674257,0.0010427888817359965,25.18
gaussian,tournament,binary_mask,swap,convergence,spherical,0.1782204650490698,0.32697737991042325,2.113343298554058,4.0679842197464646e-07,55.84
uniform,tournament,centroid,gaussian,convergence,rastrigin,0.18335662461086805,0.1664232519151984,0.5881654189097034,5.9473128978027034e-05,44.05
gaussian,tournament,binary_mask,uniform,convergence,himmelblau,0.18361762123041583,0.1266478563087673,0.5434005855869571,0.005024600623451935,24.56
uniform,tournament,2_parent_average,swap,convergence,spherical,0.18366954459503693,0.5119936369484471,4.416936593216062,1.0056054726298232e-09,55.85
gaussian,rws,two_point,uniform,generations,himmelblau,0.18599525659545232,0.3561853337046092,2.834183042632561,5.922260031662305e-05,30.0
uniform,tournament,two_point,uniform,generations,himmelblau,0.18605211814179984,0.2537777002905882,1.5133881479849545,0.0014330736198638274,30.0
gaussian,tournament,two_point,swap,convergence,spherical,0.19085212523803155,0.362495068208875,1.8055356879347548,3.8015534343325426e-06,60.66
gaussian,tournament,two_point,uniform,generations,himmelblau,0.1927595104845853,0.29167114225357793,2.1776217912501865,0.0005411437617078372,30.0
gaussian,tournament,binary_mask,gaussian,convergence,rastrigin,0.19336755590077234,0.1508230606343018,0.5436249160679587,9.86146346271255e-05,30.91
uniform,tournament,two_point,uniform,convergence,rastrigin,0.19352361770930437,0.14707786386575578,0.5998198084449768,0.008396069993818145,44.0
gaussian,tournament,binary_mask,uniform,generations,himmelblau,0.195214903166015,0.2971626243297137,2.36580224775041,0.0016552036624010954,30.0
uniform,tournament,two_point,gaussian,convergence,rastrigin,0.19709155246030374,0.14710461934235605,0.5494614674330016,0.0011603533808788313,39.64
gaussian,tournament,two_point,uniform,convergence,rastrigin,0.1982842572194233,0.16136522320231356,0.5967670995406493,0.0013273111766523016,36.2
uniform,tournament,binary_mask,gaussian,convergence,rastrigin,0.1993391985331713,0.15169629681601163,0.5427132146910267,0.0004766936471298777,39.06
uniform,rws,binary_mask,uniform,convergence,rastrigin,0.20048725380444637,0.16532678634428433,0.5785961923172636,0.0020290737988446494,45.15
uniform,rws,binary_mask,gaussian,convergence,rastrigin,0.20343377193286355,0.16152300612585685,0.5544316602105042,0.0035866116356544353,43.28
gaussian,tournament,two_point,swap,generations,spherical,0.20819319347471432,0.3208167729798869,1.8134186463399975,3.1948878060570155e-05,30.0
uniform,tournament,binary_mask,uniform,convergence,rastrigin,0.21182645554310736,0.16180559238402578,0.592928982813099,0.0008375581768831353,41.11
gaussian,rws,binary_mask,uniform,generations,himmelblau,0.2149264298613317,0.3026629705858157,1.6753048266226658,0.0005706643072624862,30.0
uniform,rws,binary_mask,uniform,generations,himmelblau,0.21676413903788513,0.32889241046157425,2.115182486091993,0.00042599238459987504,30.0
uniform,rws,two_point,gaussian,convergence,rastrigin,0.21728314943291044,0.1745997999109738,0.5828167717574395,0.0005725264218483517,43.98
uniform,rws,two_point,uniform,convergence,rastrigin,0.21814400950482665,0.15657130494950253,0.5852509269028587,0.00022046858244806344,45.58
uniform,rws,two_point,uniform,generations,himmelblau,0.2191942172370055,0.3085496021248606,2.0954911864998387,0.0027898918083674572,30.0
gaussian,rws,binary_mask,uniform,convergence,rastrigin,0.22000035434075246,0.16114029088411952,0.5942620809440484,0.0007077082046222927,42.27
gaussian,rws,binary_mask,gaussian,convergence,rastrigin,0.22184817861801953,0.17383055771742267,0.5890120203310403,0.004736882866186676,36.8
gaussian,rws,two_point,gaussian,convergence,rastrigin,0.23432495032665307,0.16215265370505985,0.5902067592827152,0.0032207322835589025,37.52
uniform,tournament,binary_mask,uniform,generations,himmelblau,0.23447378994263912,0.31715268629705196,1.5890314100747276,0.004401787655645214,30.0
gaussian,tournament,binary_mask,uniform,convergence,rastrigin,0.2441234072084361,0.16372601917694243,0.590410515600226,0.001357460526811849,38.76
gaussian,rws,two_point,uniform,convergence,rastrigin,0.25575385655432603,0.17344118297771666,0.5883676340075574,0.011588264817660843,44.65
uniform,rws,2_parent_average,gaussian,generations,booth,0.2800136995553471,1.226402847456139,9.690378898906616,6.30274899562702e-09,30.0
uniform,tournament,centroid,swap,generations,spherical,0.28525262709001153,0.8573111135256445,7.3756948555893,3.0130314154057024e-10,30.0
uniform,rws,centroid,swap,convergence,spherical,0.2869896089990221,0.9930947537226853,6.977344214362812,4.8186809618194176e-09,65.57
uniform,rws,two_point,gaussian,generations,booth,0.31909769739034016,1.0237433021997604,7.368778011962638,1.4609913199853402e-05,30.0
uniform,rws,2_parent_average,swap,generations,spherical,0.33700730205128543,0.8309041141208708,5.265740125016595,8.886803871846143e-12,30.0
uniform,rws,binary_mask,gaussian,generations,booth,0.3554744022613122,1.690957159345133,16.762740877141987,0.0006799397618205729,30.0
gaussian,rws,2_parent_average,gaussian,generations,rastrigin,0.39040584670115536,0.4457483243772549,2.040253266077954,1.1277009271282168e-05,30.0
gaussian,tournament,2_parent_average,gaussian,generations,rastrigin,0.392775891159058,0.6140214948611142,4.055984575124656,0.000306105291063119,30.0
gaussian,tournament,2_parent_average,uniform,generations,rastrigin,0.40690317345347504,0.4767256003305326,2.5502842900086584,4.199060730769588e-05,30.0
gaussian,rws,2_parent_average,uniform,generations,rastrigin,0.4210797961476742,0.4874656535659191,2.292149711704628,0.00032515736258176275,30.0
gaussian,rws,centroid,gaussian,generations,rastrigin,0.46966544397098203,0.6238913159158844,3.132103932741554,0.0003821403104353749,30.0
gaussian,tournament,centroid,uniform,generations,rastrigin,0.481741525668034,0.5360062712615069,2.5778521972454627,0.0010182794441959686,30.0
gaussian,rws,2_parent_average,swap,generations,booth,0.48410419899240476,0.9079966428380252,6.1521692145476035,6.65232483492589e-06,30.0
uniform,tournament,centroid,swap,convergence,spherical,0.48525238160252854,1.1660737579287288,5.45964129782358,1.1426632490699436e-10,99.49
gaussian,tournament,two_point,gaussian,generations,rastrigin,0.48848167325255404,0.5228590180082224,2.370313917534304,0.0008835172329142438,30.0
gaussian,rws,binary_mask,gaussian,generations,rastrigin,0.5034247688389324,0.4861902259866008,2.1227679553820593,0.002143631946161406,30.0
gaussian,rws,centroid,uniform,generations,rastrigin,0.5060793879765653,0.6021522474681753,4.002511879024137,0.0010512444437758006,30.0
uniform,tournament,2_parent_average,uniform,generations,rastrigin,0.5442096936917284,0.5016595697718192,1.7579608175835446,0.0008245422796520074,30.0
uniform,rws,2_parent_average,uniform,generations,rastrigin,0.5537505642545029,0.7153400036945157,4.255994300190862,0.00039308969753903966,30.0
gaussian,tournament,binary_mask,gaussian,generations,rastrigin,0.5641916376126779,0.6372398250300938,4.256973472468932,0.001120443269961413,30.0
gaussian,tournament,centroid,gaussian,generations,rastrigin,0.5647244054585716,0.6008059118442688,2.50071492691432,7.040449705186802e-05,30.0
gaussian,tournament,two_point,uniform,generations,rastrigin,0.5651712756181573,0.4881047932291964,2.1915877276719016,0.008036719111288448,30.0
uniform,tournament,centroid,swap,convergence,booth,0.5891870426429324,1.4574258676140663,11.4758406379918,8.149079224017535e-05,119.13
gaussian,tournament,binary_mask,uniform,generations,rastrigin,0.590516682752488,0.47319289862394476,1.8765444858004727,0.0012090662503574379,30.0
gaussian,rws,two_point,gaussian,generations,rastrigin,0.5914614216849996,0.5615285569993407,2.496732367217227,0.005819145447404139,30.0
uniform,tournament,two_point,gaussian,generations,rastrigin,0.604438126923366,0.7255232005560356,4.293047081160168,0.0011852506104936822,30.0
gaussian,tournament,2_parent_average,swap,generations,booth,0.6077186545781861,1.824919074051054,14.344506573784356,6.582561612790888e-08,30.0
gaussian,rws,2_parent_average,swap,convergence,booth,0.6087401226537136,1.5833415815240066,11.290715673336713,1.6633018994899688e-06,109.22
uniform,tournament,centroid,uniform,generations,rastrigin,0.6171273555958336,0.5688827425633355,2.392797670650971,0.00012907317012889052,30.0
gaussian,tournament,centroid,swap,convergence,booth,0.6304410812304204,1.4163800853692587,7.971464579628851,3.31061780605115e-05,118.94
uniform,tournament,binary_mask,gaussian,generations,rastrigin,0.6401324378020299,0.6378949289278709,2.7055593007421876,0.0045583856299487024,30.0
gaussian,rws,binary_mask,uniform,generations,rastrigin,0.6454192725458714,0.5538003471022027,2.312797785797361,0.0043445921284259725,30.0
gaussian,tournament,centroid,swap,generations,booth,0.6583140120823034,1.1837516432460837,6.12682872535007,1.3489697032915324e-07,30.0
uniform,tournament,binary_mask,uniform,generations,rastrigin,0.6672306899322535,0.54953274318495,2.04858653760553,0.017655956115071092,30.0
uniform,tournament,two_point,uniform,generations,rastrigin,0.6742965121068235,0.5580112412273414,2.422986048251463,0.0034556204591886797,30.0
uniform,tournament,2_parent_average,gaussian,generations,rastrigin,0.681332207701777,0.926825224404474,5.458639861218401,1.3162798925492325e-05,30.0
uniform,rws,centroid,uniform,generations,rastrigin,0.6896041986484747,0.638577230971117,2.501762865590525,1.7036172209827782e-05,30.0
uniform,rws,2_parent_average,gaussian,generations,rastrigin,0.7075239527372779,0.7625411330889529,4.129940797720167,3.0985516147552516e-05,30.0
gaussian,rws,two_point,uniform,generations,rastrigin,0.7302878584686464,0.7687542203374758,5.490018762760812,0.00845345062005265,30.0
gaussian,rws,centroid,swap,convergence,booth,0.7331630079095846,1.4027343225143665,6.119581218098878,3.1817801339871974e-06,138.3
uniform,tournament,2_parent_average,swap,generations,booth,0.7338140467693486,2.3173630537066465,20.827720303248,1.4192970453642658e-06,30.0
uniform,tournament,two_point,swap,convergence,spherical,0.7370465065545388,1.2403825227019556,8.116885466719678,3.512849682148907e-05,172.6
uniform,rws,two_point,swap,convergence,spherical,0.7590021260866052,1.2711881502376488,8.270941554880675,1.4015785074852747e-05,182.53
uniform,tournament,centroid,gaussian,generations,rastrigin,0.7679744777972899,0.6954146294732306,3.7600622594699544,0.00383870287796384,30.0
gaussian,tournament,2_parent_average,swap,convergence,booth,0.7794324484047018,2.9005181311282957,26.806650182498885,1.7176237612960312e-07,104.33
uniform,rws,2_parent_average,swap,generations,booth,0.7821567111908803,2.3583257866628142,16.58960417152284,1.4537565134737765e-05,30.0
gaussian,rws,centroid,swap,convergence,rastrigin,0.7855746427752643,0.9045014450941612,3.8731429163836424,3.168274638198909e-07,235.6
uniform,rws,binary_mask,gaussian,generations,rastrigin,0.7949644597559381,0.8073900471815186,5.087017381649478,0.006098826741329333,30.0
uniform,rws,centroid,gaussian,generations,rastrigin,0.7992779479312041,0.696131279998331,2.6498755682276673,0.0001405719338336553,30.0
uniform,rws,centroid,swap,convergence,booth,0.8155608335026436,1.9812136735901795,11.582792535650219,6.383382733454504e-06,133.46
uniform,rws,two_point,gaussian,generations,rastrigin,0.8726009545350949,0.8906377845839506,4.905292490863864,0.0006298370220818583,30.0
gaussian,rws,centroid,swap,generations,rastrigin,0.9020349863282369,1.2160926397975744,9.034509077513484,8.740987773592224e-07,30.0
uniform,rws,two_point,uniform,generations,rastrigin,0.90893981533632,0.8018629166460035,4.086841523174813,0.005285648029580869,30.0
uniform,tournament,binary_mask,swap,generations,spherical,0.9093381585771704,1.3889077881292429,8.281154412558005,0.0005817414803198011,30.0
uniform,rws,two_point,swap,generations,spherical,0.9304355009056324,1.7238724515845556,8.94335713818407,0.002944391717111678,30.0
uniform,rws,binary_mask,uniform,generations,rastrigin,0.953821967341231,0.8651024573749996,4.489790503919394,0.0010654776400720323,30.0
uniform,rws,binary_mask,swap,generations,spherical,1.003889863318303,1.5986480652798538,10.158777017286383,0.00020470982553771988,30.0
gaussian,rws,2_parent_average,swap,generations,rastrigin,1.1343613052632187,1.177183609959777,6.13924648101189,3.772981926886132e-12,30.0
uniform,tournament,binary_mask,swap,convergence,spherical,1.1442550206272843,2.7793975889351312,18.48068966359874,0.0001127119361281384,182.32
gaussian,rws,centroid,swap,generations,booth,1.1465994443595655,3.939279753308884,34.1240892361335,0.0006252931747607749,30.0
uniform,rws,centroid,swap,generations,booth,1.146949186012616,5.059468037100338,37.817638477736814,1.8996462954202964e-06,30.0
gaussian,rws,2_parent_average,swap,convergence,rastrigin,1.1619783954184453,1.1734614278749425,4.434983246290626,6.171345319216925e-06,285.86
uniform,tournament,two_point,swap,generations,spherical,1.1712697033198671,2.0656427901568684,12.419593353852239,3.307565473925057e-05,30.0
uniform,tournament,2_parent_average,swap,convergence,booth,1.2168917534514216,3.254916386501306,19.7987728067895,2.621419285192189e-08,166.16
uniform,rws,binary_mask,swap,convergence,spherical,1.2227580799804463,1.906005617726799,12.692763963075821,1.4423050204884489e-05,240.72
gaussian,tournament,binary_mask,swap,generations,booth,1.232535952395987,1.4637139893150342,9.716283253167894,0.0025621787490974135,30.0
uniform,rws,centroid,swap,convergence,rastrigin,1.2871873136324234,1.5525264247200234,8.556207140946713,2.8388117101485477e-07,328.18
gaussian,tournament,centroid,swap,convergence,rastrigin,1.3204633448097716,1.275505132609775,7.926261510875836,6.216360237232266e-05,354.33
gaussian,rws,binary_mask,swap,convergence,booth,1.3239504309510044,1.7022523564132177,9.788935517897087,0.009799551325750536,288.79
gaussian,tournament,two_point,swap,generations,booth,1.3405139800428245,1.3433553987556341,8.254431623977782,0.01871825439575968,30.0
gaussian,rws,two_point,swap,generations,booth,1.3415568241371931,1.817350071927498,12.971939840204247,0.007381821788363787,30.0
gaussian,rws,binary_mask,swap,generations,booth,1.3590796343048066,1.4473223198638019,9.51479784146059,0.006746876251278446,30.0
gaussian,tournament,centroid,swap,generations,rastrigin,1.3780648823791903,1.0633961552176279,4.954200995764534,2.3803181647963356e-13,30.0
uniform,rws,2_parent_average,swap,generations,rastrigin,1.406443372089406,1.4758947881855615,8.959868903177775,7.403982849041313e-07,30.0
gaussian,tournament,binary_mask,swap,convergence,booth,1.444478307314982,1.5606224085079836,10.971041453489807,0.0013867320126079862,317.77
uniform,rws,2_parent_average,swap,convergence,rastrigin,1.4775664322884448,1.6595771150605092,11.697361383419052,3.130325876554707e-05,348.68
gaussian,tournament,two_point,swap,convergence,rastrigin,1.4822430693165922,1.505841038511872,6.61792339101493,7.543400570853009e-07,303.55
uniform,tournament,centroid,swap,generations,booth,1.5214741680576127,3.063121829699882,14.962950746517315,3.6537643242537285e-05,30.0
gaussian,tournament,two_point,swap,convergence,booth,1.5993539452546148,1.829236119999111,8.548542626644478,0.007890742126885031,346.82
gaussian,tournament,2_parent_average,swap,generations,rastrigin,1.6015845602374592,1.730844822573235,9.433749293117398,1.8790871081364457e-09,30.0
gaussian,tournament,2_parent_average,swap,convergence,rastrigin,1.6136329866177577,1.4849495302021574,8.249787405039772,1.2476945805417472e-06,347.81
gaussian,rws,two_point,swap,convergence,booth,1.632796844237611,1.6732519625882445,7.366459624079414,0.052302039373274246,351.74
gaussian,tournament,two_point,swap,generations,rastrigin,1.6802234682270716,1.6803535670188279,8.941628980436333,0.0006263250138616172,30.0
uniform,rws,centroid,swap,generations,rastrigin,1.7199885851715475,1.8979674350025748,10.758776161736463,5.114841883369081e-10,30.0
uniform,tournament,centroid,swap,convergence,rastrigin,1.7756156636043272,1.753206073928697,8.246025971408475,0.000483900968756501,369.58
uniform,rws,2_parent_average,swap,convergence,booth,1.8796084543213951,8.318513455537056,78.17442989678396,2.1728723559836893e-05,143.88
gaussian,tournament,binary_mask,swap,generations,rastrigin,1.9265215608040736,1.7813770800204203,9.449501227970028,5.966363886500403e-06,30.0
gaussian,rws,two_point,swap,convergence,rastrigin,1.9821847121917626,2.049979297175414,11.76891538837424,1.7821335621448497e-05,352.09
gaussian,rws,binary_mask,swap,generations,rastrigin,2.0057574269956766,2.049123095735534,12.146559633513244,5.228938485402068e-05,30.0
gaussian,rws,binary_mask,swap,convergence,rastrigin,2.163204821002996,2.260558109792395,12.168191796624125,0.0005503622045814893,357.11
uniform,tournament,centroid,swap,generations,rastrigin,2.2428802122892635,1.9547592112688006,9.568193026985272,5.584004725278646e-08,30.0
uniform,tournament,2_parent_average,swap,generations,rastrigin,2.3156868863690376,2.481891342797456,12.491613495026783,5.803174010310386e-05,30.0
gaussian,rws,two_point,swap,generations,rastrigin,2.48562600322959,1.8972697402489815,8.056061800918645,0.0013769789895157203,30.0
uniform,tournament,2_parent_average,swap,convergence,rastrigin,2.5415892858929925,2.712085818678184,18.5502093399503,7.693995129898212e-08,390.98
gaussian,tournament,binary_mask,swap,convergence,rastrigin,2.550628294928222,2.1574835242613393,11.469593642693482,0.0028222939353419463,400.33
uniform,rws,2_parent_average,swap,convergence,himmelblau,2.5934379423244582,3.933334116188402,26.51246826280831,1.933481213663626e-06,311.13
uniform,tournament,two_point,swap,generations,rastrigin,2.6641004829601207,2.3680626165452523,10.798599874430852,0.0029521381087000975,30.0
uniform,rws,centroid,swap,convergence,himmelblau,2.746862405150228,3.9267496076338024,21.4811806630533,6.45204074498689e-05,339.47
uniform,rws,two_point,swap,generations,rastrigin,3.134343209905284,3.01779373447354,17.08093136977118,1.854223764397034e-05,30.0
uniform,rws,two_point,swap,convergence,rastrigin,3.1860056508749217,2.5721107357638715,12.379594951034873,0.0020451034661483902,444.03
uniform,tournament,centroid,swap,convergence,himmelblau,3.2031787282050077,3.4891152901793276,13.52536294549741,2.7366236229951726e-05,350.94
uniform,rws,binary_mask,swap,convergence,himmelblau,3.2159126470568484,2.8732462467374815,13.839233655071236,0.03394568097018413,409.89
uniform,tournament,2_parent_average,swap,generations,himmelblau,3.2472169170129153,3.7476184614080954,20.47468806503488,0.0004534492695895437,30.0
uniform,tournament,binary_mask,swap,generations,rastrigin,3.33412951012518,2.8140011217722716,14.898705132442831,3.2766437279008187e-06,30.0
uniform,tournament,two_point,swap,convergence,himmelblau,3.3503543203711077,2.79843890611607,12.57592559704992,0.07396788235274562,434.1
uniform,rws,2_parent_average,swap,generations,himmelblau,3.4114906580078554,5.077718805586924,26.710435259985584,0.00018051037328218453,30.0
uniform,tournament,two_point,swap,convergence,rastrigin,3.4737254648756157,3.082853141652396,18.36938554732746,0.015755157340496595,453.62
uniform,rws,two_point,swap,convergence,himmelblau,3.4760682378441405,3.367056442735354,16.3941751889653,0.03983118123758343,405.09
uniform,tournament,binary_mask,swap,convergence,rastrigin,3.4891751902846955,3.6549917361302318,19.236812183592637,0.00014633212925474481,395.65
uniform,rws,centroid,swap,generations,himmelblau,3.5930518630155497,4.5518493967440845,23.880243710800887,0.0016455261451490837,30.0
uniform,rws,binary_mask,swap,convergence,rastrigin,3.617178927445135,3.2718720682815556,15.624415898998164,0.0064550401223151255,443.97
uniform,tournament,2_parent_average,swap,convergence,himmelblau,3.7291834094378533,4.298049539550767,20.251539275405566,0.002834659820080027,400.26
uniform,tournament,binary_mask,swap,convergence,himmelblau,3.7737893989550937,4.227002344795862,30.89630873140424,0.01537198820791941,439.01
uniform,tournament,centroid,swap,generations,himmelblau,3.7953837403294814,4.050814231579351,17.70068568964344,0.00028813224903325314,30.0
uniform,rws,binary_mask,swap,generations,himmelblau,3.806506829283718,3.977424502490712,24.455865963564943,0.04519644626700953,30.0
uniform,rws,two_point,swap,generations,himmelblau,3.82400305568377,3.2636103646428944,13.989627484527638,0.0076180998876645865,30.0
uniform,rws,binary_mask,swap,generations,rastrigin,4.025206251077473,3.331645406938457,12.53420029773973,5.164081907693685e-05,30.0
uniform,tournament,binary_mask,swap,generations,himmelblau,4.474965089123489,4.66874709426768,20.770771181783307,0.02134258152324226,30.0
uniform,tournament,two_point,swap,generations,himmelblau,4.742746790000572,5.800201988485695,33.945615578080535,0.03483512158280059,30.0
uniform,rws,binary_mask,swap,generations,booth,4.763502742648502,6.092632695380089,28.080615268220427,0.14653265061527337,30.0
uniform,rws,binary_mask,swap,convergence,booth,4.812125116691913,6.130134297897878,38.638056286079866,0.001074349545010898,453.5
gaussian,rws,binary_mask,swap,convergence,himmelblau,4.853287613420949,3.864778212352607,16.01818096096958,0.030271213767083464,434.18
gaussian,tournament,two_point,swap,convergence,himmelblau,5.553239796603667,5.697573242280607,41.14155413960032,0.11271752084701164,463.2
gaussian,rws,two_point,swap,convergence,himmelblau,5.607039859498192,4.976645977916348,31.12197094712078,0.10758950956294562,443.98
uniform,rws,two_point,swap,generations,booth,5.674642644891293,7.388043046628207,37.8273228044515,0.015699663067215968,30.0
uniform,tournament,binary_mask,swap,generations,booth,5.8014370242841675,8.192859338134106,57.4016956009264,0.03336108916426999,30.0
gaussian,tournament,binary_mask,swap,convergence,himmelblau,5.990364250255741,4.988481144953492,33.04486457453572,0.020353716459342863,463.21
uniform,tournament,binary_mask,swap,convergence,booth,6.096081254823319,7.517053754593165,31.302592491361835,0.09321331276674162,434.25
uniform,rws,two_point,swap,convergence,booth,6.109256237516182,7.875575331226902,42.17947562005755,0.01762255495484135,468.09
gaussian,rws,binary_mask,swap,generations,himmelblau,6.115498763421768,7.371082817752897,51.47535840754735,0.062197134204490225,30.0
gaussian,rws,two_point,swap,generations,himmelblau,6.328014516276024,6.198739483434358,45.964018247314996,0.012177303654157635,30.0
uniform,tournament,two_point,swap,generations,booth,7.1979604658192615,10.51430524653497,52.32223889151045,0.006856335643567862,30.0
gaussian,tournament,binary_mask,swap,generations,himmelblau,7.401384279809508,11.580554687550064,77.81877271890681,0.2319747291994802,30.0
uniform,tournament,two_point,swap,convergence,booth,7.734718121267066,10.664579760088506,57.9910882494449,0.008834516615157582,429.31
gaussian,tournament,two_point,swap,generations,himmelblau,7.897670040281019,9.316005314584805,52.76009516744369,0.04825480236270374,30.0
gaussian,tournament,2_parent_average,swap,convergence,himmelblau,10.517026050747326,12.283749186812924,87.69947548470518,0.0071532309248897264,453.61
gaussian,tournament,2_parent_average,swap,generations,himmelblau,11.077541890890986,10.14992570924542,62.91581847139999,0.1628705715758625,30.0
gaussian,rws,2_parent_average,swap,convergence,himmelblau,12.9995785003851,13.490664991578555,69.95544754802273,0.008164298531115645,439.21
gaussian,tournament,centroid,swap,convergence,himmelblau,13.763002331532252,17.085287664145287,98.40262530145544,2.0636938166887084e-06,473.27
gaussian,rws,2_parent_average,swap,generations,himmelblau,13.949295279745993,12.304935204490423,55.598688308179256,0.031103838583488263,30.0
gaussian,rws,centroid,swap,convergence,himmelblau,14.342806153287375,14.100481039960236,54.21029656147919,0.00021179611529445241,449.27
gaussian,tournament,centroid,swap,generations,himmelblau,14.404703819324611,15.60705248779353,76.38068322327698,0.04996459741456098,30.0
gaussian,rws,centroid,swap,generations,himmelblau,14.707551612992168,15.220104061885754,89.14149349178044,0.0003970587456647626,30.0
